<nodes>
	<node id = "0" x="0" y="0"/>
	<node id = "1" x="0" y="500"/>
	<node id = "2" x="0" y="1000"/>
	<node id = "3" x="0" y="1500"/>
	<node id = "4" x="0" y="2000"/>
	<node id = "5" x="0" y="2500"/>
	<node id = "6" x="0" y="3000"/>
	<node id = "7" x="0" y="3500"/>
	<node id = "8" x="0" y="4000"/>
	<node id = "9" x="0" y="4500"/>
	<node id = "10" x="500" y="0"/>
	<node id = "11" x="500" y="500"/>
	<node id = "12" x="500" y="1000"/>
	<node id = "13" x="500" y="1500"/>
	<node id = "14" x="500" y="2000"/>
	<node id = "15" x="500" y="2500"/>
	<node id = "16" x="500" y="3000"/>
	<node id = "17" x="500" y="3500"/>
	<node id = "18" x="500" y="4000"/>
	<node id = "19" x="500" y="4500"/>
	<node id = "20" x="1000" y="0"/>
	<node id = "21" x="1000" y="500"/>
	<node id = "22" x="1000" y="1000"/>
	<node id = "23" x="1000" y="1500"/>
	<node id = "24" x="1000" y="2000"/>
	<node id = "25" x="1000" y="2500"/>
	<node id = "26" x="1000" y="3000"/>
	<node id = "27" x="1000" y="3500"/>
	<node id = "28" x="1000" y="4000"/>
	<node id = "29" x="1000" y="4500"/>
	<node id = "30" x="1500" y="0"/>
	<node id = "31" x="1500" y="500"/>
	<node id = "32" x="1500" y="1000"/>
	<node id = "33" x="1500" y="1500"/>
	<node id = "34" x="1500" y="2000"/>
	<node id = "35" x="1500" y="2500"/>
	<node id = "36" x="1500" y="3000"/>
	<node id = "37" x="1500" y="3500"/>
	<node id = "38" x="1500" y="4000"/>
	<node id = "39" x="1500" y="4500"/>
	<node id = "40" x="2000" y="0"/>
	<node id = "41" x="2000" y="500"/>
	<node id = "42" x="2000" y="1000"/>
	<node id = "43" x="2000" y="1500"/>
	<node id = "44" x="2000" y="2000"/>
	<node id = "45" x="2000" y="2500"/>
	<node id = "46" x="2000" y="3000"/>
	<node id = "47" x="2000" y="3500"/>
	<node id = "48" x="2000" y="4000"/>
	<node id = "49" x="2000" y="4500"/>
	<node id = "50" x="2500" y="0"/>
	<node id = "51" x="2500" y="500"/>
	<node id = "52" x="2500" y="1000"/>
	<node id = "53" x="2500" y="1500"/>
	<node id = "54" x="2500" y="2000"/>
	<node id = "55" x="2500" y="2500"/>
	<node id = "56" x="2500" y="3000"/>
	<node id = "57" x="2500" y="3500"/>
	<node id = "58" x="2500" y="4000"/>
	<node id = "59" x="2500" y="4500"/>
	<node id = "60" x="3000" y="0"/>
	<node id = "61" x="3000" y="500"/>
	<node id = "62" x="3000" y="1000"/>
	<node id = "63" x="3000" y="1500"/>
	<node id = "64" x="3000" y="2000"/>
	<node id = "65" x="3000" y="2500"/>
	<node id = "66" x="3000" y="3000"/>
	<node id = "67" x="3000" y="3500"/>
	<node id = "68" x="3000" y="4000"/>
	<node id = "69" x="3000" y="4500"/>
	<node id = "70" x="3500" y="0"/>
	<node id = "71" x="3500" y="500"/>
	<node id = "72" x="3500" y="1000"/>
	<node id = "73" x="3500" y="1500"/>
	<node id = "74" x="3500" y="2000"/>
	<node id = "75" x="3500" y="2500"/>
	<node id = "76" x="3500" y="3000"/>
	<node id = "77" x="3500" y="3500"/>
	<node id = "78" x="3500" y="4000"/>
	<node id = "79" x="3500" y="4500"/>
	<node id = "80" x="4000" y="0"/>
	<node id = "81" x="4000" y="500"/>
	<node id = "82" x="4000" y="1000"/>
	<node id = "83" x="4000" y="1500"/>
	<node id = "84" x="4000" y="2000"/>
	<node id = "85" x="4000" y="2500"/>
	<node id = "86" x="4000" y="3000"/>
	<node id = "87" x="4000" y="3500"/>
	<node id = "88" x="4000" y="4000"/>
	<node id = "89" x="4000" y="4500"/>
	<node id = "90" x="4500" y="0"/>
	<node id = "91" x="4500" y="500"/>
	<node id = "92" x="4500" y="1000"/>
	<node id = "93" x="4500" y="1500"/>
	<node id = "94" x="4500" y="2000"/>
	<node id = "95" x="4500" y="2500"/>
	<node id = "96" x="4500" y="3000"/>
	<node id = "97" x="4500" y="3500"/>
	<node id = "98" x="4500" y="4000"/>
	<node id = "99" x="4500" y="4500"/>
</nodes>
