<edges>
	<edge from="0" id="0to1" to="1" width="5"/>
	<edge from="0" id="0to10" to="10" width="5"/>
	<edge from="1" id="1to2" to="2" width="5"/>
	<edge from="1" id="1to11" to="11" width="5"/>
	<edge from="2" id="2to3" to="3" width="5"/>
	<edge from="2" id="2to12" to="12" width="5"/>
	<edge from="3" id="3to4" to="4" width="5"/>
	<edge from="3" id="3to13" to="13" width="5"/>
	<edge from="4" id="4to5" to="5" width="5"/>
	<edge from="4" id="4to14" to="14" width="5"/>
	<edge from="5" id="5to6" to="6" width="5"/>
	<edge from="5" id="5to15" to="15" width="5"/>
	<edge from="6" id="6to7" to="7" width="5"/>
	<edge from="6" id="6to16" to="16" width="5"/>
	<edge from="7" id="7to8" to="8" width="5"/>
	<edge from="7" id="7to17" to="17" width="5"/>
	<edge from="8" id="8to9" to="9" width="5"/>
	<edge from="8" id="8to18" to="18" width="5"/>
	<edge from="9" id="9to19" to="19" width="5"/>
	<edge from="10" id="10to11" to="11" width="5"/>
	<edge from="10" id="10to20" to="20" width="5"/>
	<edge from="11" id="11to12" to="12" width="5"/>
	<edge from="11" id="11to21" to="21" width="5"/>
	<edge from="12" id="12to13" to="13" width="5"/>
	<edge from="12" id="12to22" to="22" width="5"/>
	<edge from="13" id="13to14" to="14" width="5"/>
	<edge from="13" id="13to23" to="23" width="5"/>
	<edge from="14" id="14to15" to="15" width="5"/>
	<edge from="14" id="14to24" to="24" width="5"/>
	<edge from="15" id="15to16" to="16" width="5"/>
	<edge from="15" id="15to25" to="25" width="5"/>
	<edge from="16" id="16to17" to="17" width="5"/>
	<edge from="16" id="16to26" to="26" width="5"/>
	<edge from="17" id="17to18" to="18" width="5"/>
	<edge from="17" id="17to27" to="27" width="5"/>
	<edge from="18" id="18to19" to="19" width="5"/>
	<edge from="18" id="18to28" to="28" width="5"/>
	<edge from="19" id="19to29" to="29" width="5"/>
	<edge from="20" id="20to21" to="21" width="5"/>
	<edge from="20" id="20to30" to="30" width="5"/>
	<edge from="21" id="21to22" to="22" width="5"/>
	<edge from="21" id="21to31" to="31" width="5"/>
	<edge from="22" id="22to23" to="23" width="5"/>
	<edge from="22" id="22to32" to="32" width="5"/>
	<edge from="23" id="23to24" to="24" width="5"/>
	<edge from="23" id="23to33" to="33" width="5"/>
	<edge from="24" id="24to25" to="25" width="5"/>
	<edge from="24" id="24to34" to="34" width="5"/>
	<edge from="25" id="25to26" to="26" width="5"/>
	<edge from="25" id="25to35" to="35" width="5"/>
	<edge from="26" id="26to27" to="27" width="5"/>
	<edge from="26" id="26to36" to="36" width="5"/>
	<edge from="27" id="27to28" to="28" width="5"/>
	<edge from="27" id="27to37" to="37" width="5"/>
	<edge from="28" id="28to29" to="29" width="5"/>
	<edge from="28" id="28to38" to="38" width="5"/>
	<edge from="29" id="29to39" to="39" width="5"/>
	<edge from="30" id="30to31" to="31" width="5"/>
	<edge from="30" id="30to40" to="40" width="5"/>
	<edge from="31" id="31to32" to="32" width="5"/>
	<edge from="31" id="31to41" to="41" width="5"/>
	<edge from="32" id="32to33" to="33" width="5"/>
	<edge from="32" id="32to42" to="42" width="5"/>
	<edge from="33" id="33to34" to="34" width="5"/>
	<edge from="33" id="33to43" to="43" width="5"/>
	<edge from="34" id="34to35" to="35" width="5"/>
	<edge from="34" id="34to44" to="44" width="5"/>
	<edge from="35" id="35to36" to="36" width="5"/>
	<edge from="35" id="35to45" to="45" width="5"/>
	<edge from="36" id="36to37" to="37" width="5"/>
	<edge from="36" id="36to46" to="46" width="5"/>
	<edge from="37" id="37to38" to="38" width="5"/>
	<edge from="37" id="37to47" to="47" width="5"/>
	<edge from="38" id="38to39" to="39" width="5"/>
	<edge from="38" id="38to48" to="48" width="5"/>
	<edge from="39" id="39to49" to="49" width="5"/>
	<edge from="40" id="40to41" to="41" width="5"/>
	<edge from="40" id="40to50" to="50" width="5"/>
	<edge from="41" id="41to42" to="42" width="5"/>
	<edge from="41" id="41to51" to="51" width="5"/>
	<edge from="42" id="42to43" to="43" width="5"/>
	<edge from="42" id="42to52" to="52" width="5"/>
	<edge from="43" id="43to44" to="44" width="5"/>
	<edge from="43" id="43to53" to="53" width="5"/>
	<edge from="44" id="44to45" to="45" width="5"/>
	<edge from="44" id="44to54" to="54" width="5"/>
	<edge from="45" id="45to46" to="46" width="5"/>
	<edge from="45" id="45to55" to="55" width="5"/>
	<edge from="46" id="46to47" to="47" width="5"/>
	<edge from="46" id="46to56" to="56" width="5"/>
	<edge from="47" id="47to48" to="48" width="5"/>
	<edge from="47" id="47to57" to="57" width="5"/>
	<edge from="48" id="48to49" to="49" width="5"/>
	<edge from="48" id="48to58" to="58" width="5"/>
	<edge from="49" id="49to59" to="59" width="5"/>
	<edge from="50" id="50to51" to="51" width="5"/>
	<edge from="50" id="50to60" to="60" width="5"/>
	<edge from="51" id="51to52" to="52" width="5"/>
	<edge from="51" id="51to61" to="61" width="5"/>
	<edge from="52" id="52to53" to="53" width="5"/>
	<edge from="52" id="52to62" to="62" width="5"/>
	<edge from="53" id="53to54" to="54" width="5"/>
	<edge from="53" id="53to63" to="63" width="5"/>
	<edge from="54" id="54to55" to="55" width="5"/>
	<edge from="54" id="54to64" to="64" width="5"/>
	<edge from="55" id="55to56" to="56" width="5"/>
	<edge from="55" id="55to65" to="65" width="5"/>
	<edge from="56" id="56to57" to="57" width="5"/>
	<edge from="56" id="56to66" to="66" width="5"/>
	<edge from="57" id="57to58" to="58" width="5"/>
	<edge from="57" id="57to67" to="67" width="5"/>
	<edge from="58" id="58to59" to="59" width="5"/>
	<edge from="58" id="58to68" to="68" width="5"/>
	<edge from="59" id="59to69" to="69" width="5"/>
	<edge from="60" id="60to61" to="61" width="5"/>
	<edge from="60" id="60to70" to="70" width="5"/>
	<edge from="61" id="61to62" to="62" width="5"/>
	<edge from="61" id="61to71" to="71" width="5"/>
	<edge from="62" id="62to63" to="63" width="5"/>
	<edge from="62" id="62to72" to="72" width="5"/>
	<edge from="63" id="63to64" to="64" width="5"/>
	<edge from="63" id="63to73" to="73" width="5"/>
	<edge from="64" id="64to65" to="65" width="5"/>
	<edge from="64" id="64to74" to="74" width="5"/>
	<edge from="65" id="65to66" to="66" width="5"/>
	<edge from="65" id="65to75" to="75" width="5"/>
	<edge from="66" id="66to67" to="67" width="5"/>
	<edge from="66" id="66to76" to="76" width="5"/>
	<edge from="67" id="67to68" to="68" width="5"/>
	<edge from="67" id="67to77" to="77" width="5"/>
	<edge from="68" id="68to69" to="69" width="5"/>
	<edge from="68" id="68to78" to="78" width="5"/>
	<edge from="69" id="69to79" to="79" width="5"/>
	<edge from="70" id="70to71" to="71" width="5"/>
	<edge from="70" id="70to80" to="80" width="5"/>
	<edge from="71" id="71to72" to="72" width="5"/>
	<edge from="71" id="71to81" to="81" width="5"/>
	<edge from="72" id="72to73" to="73" width="5"/>
	<edge from="72" id="72to82" to="82" width="5"/>
	<edge from="73" id="73to74" to="74" width="5"/>
	<edge from="73" id="73to83" to="83" width="5"/>
	<edge from="74" id="74to75" to="75" width="5"/>
	<edge from="74" id="74to84" to="84" width="5"/>
	<edge from="75" id="75to76" to="76" width="5"/>
	<edge from="75" id="75to85" to="85" width="5"/>
	<edge from="76" id="76to77" to="77" width="5"/>
	<edge from="76" id="76to86" to="86" width="5"/>
	<edge from="77" id="77to78" to="78" width="5"/>
	<edge from="77" id="77to87" to="87" width="5"/>
	<edge from="78" id="78to79" to="79" width="5"/>
	<edge from="78" id="78to88" to="88" width="5"/>
	<edge from="79" id="79to89" to="89" width="5"/>
	<edge from="80" id="80to81" to="81" width="5"/>
	<edge from="80" id="80to90" to="90" width="5"/>
	<edge from="81" id="81to82" to="82" width="5"/>
	<edge from="81" id="81to91" to="91" width="5"/>
	<edge from="82" id="82to83" to="83" width="5"/>
	<edge from="82" id="82to92" to="92" width="5"/>
	<edge from="83" id="83to84" to="84" width="5"/>
	<edge from="83" id="83to93" to="93" width="5"/>
	<edge from="84" id="84to85" to="85" width="5"/>
	<edge from="84" id="84to94" to="94" width="5"/>
	<edge from="85" id="85to86" to="86" width="5"/>
	<edge from="85" id="85to95" to="95" width="5"/>
	<edge from="86" id="86to87" to="87" width="5"/>
	<edge from="86" id="86to96" to="96" width="5"/>
	<edge from="87" id="87to88" to="88" width="5"/>
	<edge from="87" id="87to97" to="97" width="5"/>
	<edge from="88" id="88to89" to="89" width="5"/>
	<edge from="88" id="88to98" to="98" width="5"/>
	<edge from="89" id="89to99" to="99" width="5"/>
	<edge from="90" id="90to91" to="91" width="5"/>
	<edge from="91" id="91to92" to="92" width="5"/>
	<edge from="92" id="92to93" to="93" width="5"/>
	<edge from="93" id="93to94" to="94" width="5"/>
	<edge from="94" id="94to95" to="95" width="5"/>
	<edge from="95" id="95to96" to="96" width="5"/>
	<edge from="96" id="96to97" to="97" width="5"/>
	<edge from="97" id="97to98" to="98" width="5"/>
	<edge from="98" id="98to99" to="99" width="5"/>
</edges>